<?xml version="1.0" encoding="UTF-8"?>

<!DOCTYPE hibernate-mapping PUBLIC 
    "-//Hibernate/Hibernate Mapping DTD 3.0//EN"
    "http://www.hibernate.org/dtd/hibernate-mapping-3.0.dtd">

<hibernate-mapping>
	<class name="com.jialu.HibernateMap.Emp" table="emp1">
		<id name="id" column="emp_id"></id>
		<property name="name" column="emp_name"></property>
		<map name="phonenumber" cascade="all">
			<key column="id"></key>
			<index column="phonenumber" type = "string"></index>
			<one-to-many class="com.jialu.HibernateMap.PhoneNumber" />

		</map>
	</class>

	<class name="com.jialu.HibernateMap.PhoneNumber" table="phone1">
		<id name="pid" column="phone_id"></id>
		<property name="network" column="phone_network"></property>
		<property name="phonenumber" column="phone_number"></property>
	</class>
</hibernate-mapping>